{
  "success": true,
  "planar": true,
  "angle_deg": 0.1791425568562228,
  "rmsd": 0.002456280657090651,
  "height": 0.011769948804806663,
  "threshold_deg": 10.0
}