{
  "success": true,
  "planar": true,
  "angle_deg": 0.24409570015814888,
  "rmsd": 0.004085663171601156,
  "height": 0.016316054324877417,
  "threshold_deg": 10.0
}