{
  "success": true,
  "planar": false,
  "angle_deg": 21.27059583774759,
  "rmsd": 0.30603236752381463,
  "height": 1.369895104495308,
  "threshold_deg": 10.0
}