{
  "success": true,
  "planar": true,
  "angle_deg": 0.5018263192497229,
  "rmsd": 0.008587527748777753,
  "height": 0.04568394952306498,
  "threshold_deg": 10.0
}