{
  "success": true,
  "planar": true,
  "angle_deg": 0.2294757284043141,
  "rmsd": 0.004951273291359165,
  "height": 0.022566603439108355,
  "threshold_deg": 10.0
}