{
  "success": true,
  "planar": true,
  "angle_deg": 0.1381865695409993,
  "rmsd": 0.0032393300235898422,
  "height": 0.014375982274307642,
  "threshold_deg": 10.0
}