{
  "success": true,
  "planar": false,
  "angle_deg": 39.37453148024112,
  "rmsd": 0.5239465279333565,
  "height": 2.8707334129066244,
  "threshold_deg": 10.0
}