{
  "success": true,
  "planar": false,
  "angle_deg": 20.800890718717433,
  "rmsd": 0.48116180757276095,
  "height": 1.9666555993280865,
  "threshold_deg": 10.0
}