{
  "success": true,
  "planar": false,
  "angle_deg": 40.23139434295954,
  "rmsd": 0.9052101849079429,
  "height": 4.557750740336694,
  "threshold_deg": 10.0
}