{
  "success": true,
  "planar": false,
  "angle_deg": 24.141448194332217,
  "rmsd": 0.4814638431782505,
  "height": 1.9286891146006844,
  "threshold_deg": 10.0
}