{
  "success": true,
  "planar": true,
  "angle_deg": 0.23299468839484216,
  "rmsd": 0.0031737560037300937,
  "height": 0.01332452298289136,
  "threshold_deg": 10.0
}