{
  "global": {
    "n_total_done": 740,
    "n_ok_both": 740,
    "n_ace_ok": 740,
    "n_choco_ok": 740,
    "n_ace_timeout": 0,
    "n_choco_timeout": 0,
    "n_agree": 738,
    "n_disagree": 2,
    "n_choco_win": 739,
    "n_ace_win": 1,
    "n_tie": 0,
    "ace_ms": {
      "n": 740,
      "min": 2200,
      "p25": 2627,
      "median": 2820,
      "mean": 2832.2594594594593,
      "p75": 3002,
      "p95": 3340,
      "max": 3967
    },
    "choco_ms": {
      "n": 740,
      "min": 1216,
      "p25": 1555,
      "median": 1685,
      "mean": 1731.1783783783783,
      "p75": 1875,
      "p95": 2217,
      "max": 3192
    },
    "speedup_choco_over_ace": {
      "n": 740,
      "min": 0.8176691729323309,
      "p25": 1.479723046488625,
      "median": 1.668356263577118,
      "mean": 1.66577244452642,
      "p75": 1.8293363078639153,
      "p95": 2.089108910891089,
      "max": 2.8653846153846154
    }
  },
  "by_h": {
    "h3": {
      "n": 12,
      "ace_ms": {
        "n": 12,
        "min": 2299,
        "p25": 2557,
        "median": 2628,
        "mean": 2602.5833333333335,
        "p75": 2645,
        "p95": 2796,
        "max": 2986
      },
      "choco_ms": {
        "n": 12,
        "min": 1453,
        "p25": 1547,
        "median": 1668,
        "mean": 1643.3333333333333,
        "p75": 1692,
        "p95": 1745,
        "max": 1811
      },
      "speedup_choco_over_ace": {
        "n": 12,
        "min": 1.3235800344234079,
        "p25": 1.534813925570228,
        "median": 1.58567335243553,
        "mean": 1.5900182434525938,
        "p75": 1.6524822695035462,
        "p95": 1.7140077821011672,
        "max": 1.9301874595992243
      },
      "choco_wins": 12,
      "ace_wins": 0,
      "agree": 12,
      "total_sols_enum": 34
    },
    "h4": {
      "n": 24,
      "ace_ms": {
        "n": 24,
        "min": 2203,
        "p25": 2536,
        "median": 2677,
        "mean": 2700.2916666666665,
        "p75": 2888,
        "p95": 3106,
        "max": 3128
      },
      "choco_ms": {
        "n": 24,
        "min": 1323,
        "p25": 1513,
        "median": 1559,
        "mean": 1583.9166666666667,
        "p75": 1640,
        "p95": 1903,
        "max": 2032
      },
      "speedup_choco_over_ace": {
        "n": 24,
        "min": 1.183394640042039,
        "p25": 1.5532157085941947,
        "median": 1.7541308658294779,
        "mean": 1.732597004649065,
        "p75": 1.8707317073170733,
        "p95": 2.3227990970654626,
        "max": 2.36432350718065
      },
      "choco_wins": 24,
      "ace_wins": 0,
      "agree": 24,
      "total_sols_enum": 108
    },
    "h5": {
      "n": 64,
      "ace_ms": {
        "n": 64,
        "min": 2202,
        "p25": 2540,
        "median": 2620,
        "mean": 2635.53125,
        "p75": 2737,
        "p95": 2958,
        "max": 3030
      },
      "choco_ms": {
        "n": 64,
        "min": 1271,
        "p25": 1431,
        "median": 1546,
        "mean": 1558.109375,
        "p75": 1676,
        "p95": 1804,
        "max": 2040
      },
      "speedup_choco_over_ace": {
        "n": 64,
        "min": 1.3416666666666666,
        "p25": 1.5796019900497513,
        "median": 1.7147477360931436,
        "mean": 1.705466129031904,
        "p75": 1.8104234527687297,
        "p95": 1.9523498694516972,
        "max": 2.156390977443609
      },
      "choco_wins": 64,
      "ace_wins": 0,
      "agree": 64,
      "total_sols_enum": 460
    },
    "h6": {
      "n": 176,
      "ace_ms": {
        "n": 176,
        "min": 2200,
        "p25": 2478,
        "median": 2719,
        "mean": 2709.068181818182,
        "p75": 2907,
        "p95": 3210,
        "max": 3624
      },
      "choco_ms": {
        "n": 176,
        "min": 1216,
        "p25": 1484,
        "median": 1630,
        "mean": 1666.3693181818182,
        "p75": 1817,
        "p95": 2127,
        "max": 2643
      },
      "speedup_choco_over_ace": {
        "n": 176,
        "min": 1.033238751520065,
        "p25": 1.4609475032010244,
        "median": 1.6853759011328526,
        "mean": 1.6581108059762486,
        "p75": 1.8324091189155884,
        "p95": 2.067699836867863,
        "max": 2.3873517786561265
      },
      "choco_wins": 176,
      "ace_wins": 0,
      "agree": 176,
      "total_sols_enum": 2726
    },
    "h7": {
      "n": 464,
      "ace_ms": {
        "n": 464,
        "min": 2384,
        "p25": 2724,
        "median": 2898,
        "mean": 2918.887931034483,
        "p75": 3063,
        "p95": 3397,
        "max": 3967
      },
      "choco_ms": {
        "n": 464,
        "min": 1286,
        "p25": 1600,
        "median": 1745,
        "mean": 1789.521551724138,
        "p75": 1928,
        "p95": 2241,
        "max": 3192
      },
      "speedup_choco_over_ace": {
        "n": 464,
        "min": 0.8176691729323309,
        "p25": 1.4676549865229112,
        "median": 1.657190635451505,
        "mean": 1.6617063099281904,
        "p75": 1.832236842105263,
        "p95": 2.107168718320058,
        "max": 2.8653846153846154
      },
      "choco_wins": 463,
      "ace_wins": 1,
      "agree": 462,
      "total_sols_enum": 16687
    }
  },
  "by_config": {
    "C1": {
      "n": 195,
      "ace_ms": {
        "n": 195,
        "min": 2202,
        "p25": 2442,
        "median": 2612,
        "mean": 2641.5589743589744,
        "p75": 2789,
        "p95": 3108,
        "max": 3537
      },
      "choco_ms": {
        "n": 195,
        "min": 1216,
        "p25": 1429,
        "median": 1568,
        "mean": 1591.8410256410257,
        "p75": 1723,
        "p95": 1956,
        "max": 2302
      },
      "speedup_choco_over_ace": {
        "n": 195,
        "min": 1.0485351989505902,
        "p25": 1.509478672985782,
        "median": 1.692867540029112,
        "mean": 1.6840421199667306,
        "p75": 1.834932821497121,
        "p95": 2.0845392231530844,
        "max": 2.298600311041991
      },
      "choco_wins": 195,
      "ace_wins": 0,
      "agree": 193
    },
    "C2": {
      "n": 195,
      "ace_ms": {
        "n": 195,
        "min": 2320,
        "p25": 2655,
        "median": 2790,
        "mean": 2837.6,
        "p75": 2959,
        "p95": 3326,
        "max": 3967
      },
      "choco_ms": {
        "n": 195,
        "min": 1314,
        "p25": 1567,
        "median": 1685,
        "mean": 1733.6307692307691,
        "p75": 1875,
        "p95": 2126,
        "max": 2509
      },
      "speedup_choco_over_ace": {
        "n": 195,
        "min": 1.1450540315876974,
        "p25": 1.4967741935483871,
        "median": 1.6623081296191018,
        "mean": 1.6575509190655509,
        "p75": 1.8049046321525886,
        "p95": 2.0097697138869504,
        "max": 2.3840351979886862
      },
      "choco_wins": 195,
      "ace_wins": 0,
      "agree": 195
    },
    "C3": {
      "n": 195,
      "ace_ms": {
        "n": 195,
        "min": 2200,
        "p25": 2745,
        "median": 2924,
        "mean": 2930.6564102564103,
        "p75": 3091,
        "p95": 3397,
        "max": 3874
      },
      "choco_ms": {
        "n": 195,
        "min": 1323,
        "p25": 1610,
        "median": 1759,
        "mean": 1825.0205128205127,
        "p75": 1999,
        "p95": 2326,
        "max": 3192
      },
      "speedup_choco_over_ace": {
        "n": 195,
        "min": 0.8176691729323309,
        "p25": 1.3997501561524048,
        "median": 1.633817985998923,
        "mean": 1.6469107646147338,
        "p75": 1.8395061728395061,
        "p95": 2.156390977443609,
        "max": 2.8653846153846154
      },
      "choco_wins": 194,
      "ace_wins": 1,
      "agree": 195
    },
    "Ctopo": {
      "n": 155,
      "ace_ms": {
        "n": 155,
        "min": 2404,
        "p25": 2755,
        "median": 2943,
        "mean": 2941.664516129032,
        "p75": 3103,
        "p95": 3349,
        "max": 3744
      },
      "choco_ms": {
        "n": 155,
        "min": 1294,
        "p25": 1620,