{
  "success": true,
  "planar": true,
  "angle_deg": 0.20064767854556817,
  "rmsd": 0.00438944566557098,
  "height": 0.019540805198273635,
  "threshold_deg": 10.0
}