{
  "success": true,
  "planar": true,
  "angle_deg": 0.22213137368494584,
  "rmsd": 0.004599585179686062,
  "height": 0.018482120999577276,
  "threshold_deg": 10.0
}