{
  "success": true,
  "planar": true,
  "angle_deg": 0.31976013711655266,
  "rmsd": 0.005791421381676317,
  "height": 0.027318800611878094,
  "threshold_deg": 10.0
}