{
  "success": true,
  "planar": true,
  "angle_deg": 0.19290422660794973,
  "rmsd": 0.0036850549525039916,
  "height": 0.01468866818697084,
  "threshold_deg": 10.0
}