{
  "success": true,
  "planar": false,
  "angle_deg": 32.34283532506237,
  "rmsd": 0.9452425354258126,
  "height": 3.56541206782441,
  "threshold_deg": 10.0
}