{
  "success": true,
  "planar": true,
  "angle_deg": 0.2150847667359369,
  "rmsd": 0.004779776616014408,
  "height": 0.01788325270065262,
  "threshold_deg": 10.0
}