{
  "success": true,
  "planar": true,
  "angle_deg": 0.1087815352216127,
  "rmsd": 0.002284109903778574,
  "height": 0.010925950814590052,
  "threshold_deg": 10.0
}