{
  "success": true,
  "planar": true,
  "angle_deg": 0.22509325560199986,
  "rmsd": 0.0033163379747263,
  "height": 0.015309585629329131,
  "threshold_deg": 10.0
}