{
  "success": true,
  "planar": true,
  "angle_deg": 0.1725978358342217,
  "rmsd": 0.004006318330100181,
  "height": 0.01660644180157055,
  "threshold_deg": 10.0
}