{
  "success": true,
  "planar": false,
  "angle_deg": 14.90729462296112,
  "rmsd": 0.5041378746603306,
  "height": 1.9388526983307073,
  "threshold_deg": 10.0
}