{
  "success": true,
  "planar": false,
  "angle_deg": 19.696009899284462,
  "rmsd": 0.45219241386456765,
  "height": 1.8103262777831133,
  "threshold_deg": 10.0
}