{
  "success": true,
  "planar": true,
  "angle_deg": 0.18126157434340717,
  "rmsd": 0.0036781821727974603,
  "height": 0.014553242501669336,
  "threshold_deg": 10.0
}