{
  "success": true,
  "planar": false,
  "angle_deg": 24.5185868988393,
  "rmsd": 0.6440906856398549,
  "height": 3.2802639259831228,
  "threshold_deg": 10.0
}