{
  "success": true,
  "planar": true,
  "angle_deg": 0.24823358564790834,
  "rmsd": 0.004308034116074406,
  "height": 0.02265611892044591,
  "threshold_deg": 10.0
}