{
  "success": true,
  "planar": true,
  "angle_deg": 0.18505221411320985,
  "rmsd": 0.0035529070276080384,
  "height": 0.015043645446177933,
  "threshold_deg": 10.0
}