{
  "success": true,
  "planar": true,
  "angle_deg": 0.11187733845133199,
  "rmsd": 0.0038912631546385032,
  "height": 0.015528779324331055,
  "threshold_deg": 10.0
}