{
  "success": true,
  "planar": false,
  "angle_deg": 26.443140140118544,
  "rmsd": 0.4392056379167469,
  "height": 1.8820241293397302,
  "threshold_deg": 10.0
}