{
  "success": true,
  "planar": true,
  "angle_deg": 0.1955628482979626,
  "rmsd": 0.0019030719425121034,
  "height": 0.009306334492203448,
  "threshold_deg": 10.0
}