{
  "success": true,
  "planar": true,
  "angle_deg": 0.10353536007590353,
  "rmsd": 0.003005594086117128,
  "height": 0.013012946290483957,
  "threshold_deg": 10.0
}