{
  "success": true,
  "planar": true,
  "angle_deg": 0.2702614160236475,
  "rmsd": 0.0037526631430335267,
  "height": 0.017244512196096982,
  "threshold_deg": 10.0
}