{
  "success": true,
  "planar": true,
  "angle_deg": 0.1415601110832987,
  "rmsd": 0.00485553794370338,
  "height": 0.020229360536134805,
  "threshold_deg": 10.0
}