{
  "success": true,
  "planar": true,
  "angle_deg": 0.1266458574161708,
  "rmsd": 0.002698896641089372,
  "height": 0.013049041087514602,
  "threshold_deg": 10.0
}