{
  "success": true,
  "planar": true,
  "angle_deg": 0.2027421870573857,
  "rmsd": 0.004285616092344246,
  "height": 0.017924632378088223,
  "threshold_deg": 10.0
}